Walter,Jorgenson,4853428020,5534
Dawn,Velez,7295273543,1025
Ian,Obryon,8124896489,2422
Kristen,Smith,1177142550,4665
Angela,Will,3032308780,7593
Jeffrey,Andreas,8992941309,3890
Helen,Greenman,5128329238,7469
Antoinette,Ferguson,5229268398,8480
Matthew,Helms,5062284131,4880
Daniel,Smtih,4539133387,5734
Stevie,Ezpeleta,8584255721,1527
Andre,Matthews,6630267458,3602
Vera,Williams,3496181022,8706
Joshua,Regis,3779286460,3537
Ollie,Wolfe,6350646040,7747
Ralph,Williams,6363123979,8174
Albert,Turner,5560823536,2022
Barbara,Singer,4269520707,6171
Laurine,Hwang,2272570567,7782
Larry,Sloan,3490735485,6094
Charles,Herrera,3732835753,7415
Donald,Munoz,7779896615,1014
Isaias,Smith,1712408614,7103
Robert,Sykes,2482455796,1408
Leonard,Yung,1046986673,9981
Anna,Emberling,7635160423,2171
Cindy,Halpern,6366791385,5584
Lee,Babin,6507735992,3708
Carol,Jett,9863810870,6015
Michele,Anderson,1118928453,8814
Maria,Thompson,9004293859,1817
Rick,Ollis,2698634053,3835
Mary,Wallace,2459954175,3668
William,Rothman,3670769786,5039
Robert,Curtis,1533307217,2166
Brenda,Mccoy,2885942461,3618
John,Mckenzie,1832474434,8102
Edward,Matta,9338679234,6453
Robert,Mora,8232695893,1608
Johnny,Waldo,3896289730,6103
Dennis,Salcedo,6413273391,1217
Allison,Schleck,9181102527,1940
Meghan,Ketron,6284909880,1105
Barbara,Blanding,9261846535,8638
Margaret,Jones,3500602023,3238
Rebecca,Rechtzigel,3481681141,7581
Jessica,Knowlton,1321990124,1572
James,Burns,6354189224,7721
Robert,Turner,6849933043,3821
Johnnie,Rangel,9314545223,8325
Rebecca,King,8274702575,7275
Shane,Masters,3980242051,8072
Robert,Hazard,4154791174,8517
Anne,Reinhold,7252534431,9047
Lilian,Erlandson,7477036925,1104
Leslie,Hannah,9806489721,3640
Phil,Downey,4142206582,1436
Shirley,Rios,5882484955,5686
Willie,Mcgranahan,5314976201,4656
James,Roller,6784531954,1401
Judy,Odell,1812769498,6071
Lillian,Early,7675038109,1103
Pamela,Mcgee,7927457487,6838
Laurie,Hawkins,9544888612,6822
Marjorie,Singleton,4074990095,6934
Louise,Bonilla,6159861197,6809
Eduardo,Thomas,5113233641,9828
Deborah,Chambers,3603848331,4179
Paul,Colon,3729459854,4843
Clara,Franklin,1087668705,3884
Roberto,Denson,1882290964,7253
Joshua,Martindale,1285872492,3259
Maria,Kissler,1667609833,3289
Peter,Derby,6896989198,1721
Patricia,Butler,2360906614,2816
David,Saballos,5571989603,9538
Wayne,Dolejsi,2308564818,9281
Sean,Miltner,9045146943,1501
Ismael,Cosby,7208884659,7332
Michael,Hepworth,4056165690,7018
Leroy,Ellis,5874959747,7901
Shane,Larue,5946160294,2713
Sidney,Briggs,7034605907,9340
Mae,Hopkins,3669327338,9268
Gayla,Alexander,6815492253,4744
Lorraine,Hancock,8893659279,2315
Lisa,Loving,9522158123,9204
Ethel,Wright,2547644464,1543
Elizabeth,Norton,2734511349,9977
Evonne,George,9990376714,8680
Elton,Martinez,1690369297,5982
Frederick,Hampton,1010766488,6797
Charles,Lucas,2481074132,8458
Clark,Hill,3979879628,3809
Andrew,Chavez,8197373678,7278
Jackie,Langlois,5688274109,5157
Elizabeth,Casey,3744046090,6936
Christine,Akers,7689104226,4931
Michael,Dubois,1612210043,1299
Robert,Pinkleton,4088796027,3794
Joseph,Crawford,2320247208,2416
William,Womac,5343941640,3371
John,Dorsey,5068139691,1366
Marion,Hynes,4641404356,2461
Larry,Williams,9510598608,2713
Katherine,Ball,7923622583,3701
Julia,Morehouse,8913732821,6585
Benjamin,Gudino,4185714525,8588
Dale,Scrivner,9653194228,5785
John,Hernandez,2790922825,4997
Anne,Gordon,1257084006,7866
Stuart,Thompson,7734499888,1056
James,Hernandez,3177088820,2912
Albert,Patterson,3875407441,2163
Maria,Pickle,5841260872,8616
Michael,Hernandez,3569802183,9156
Jimmy,Lahey,5866038962,6487
Peggy,Peters,1381168694,5214
Jon,Smith,2163016596,6473
Michel,Schneider,3472200433,5896
Charles,Schutz,5394375729,6068
Manuel,Ward,5366377685,3133
Steven,Hlavac,4399602637,5752
James,Booe,7482911081,6718
Patrica,Hisaw,2856470925,8939
Marvin,Holmes,6174139324,3464
William,Brown,9992907539,7302
Bobby,Miller,8419403417,1520
Randall,Hale,3711474383,3408
Debra,Trevethan,7421119299,8995
Demetrius,Kesner,8952786537,7786
Rex,Fugate,8819465660,8271
Allison,Bowen,5723164958,9335
Nina,Sigler,6056953342,4508
Kathy,Goldson,7541701630,8006
Dominic,Pettitt,1778870845,9560
Anthony,Clary,7524340578,5039
Nina,Barney,1061278599,4285
Earl,Cassella,8684060928,2184
George,Cornwell,2946257497,7348
Danielle,Statler,5367592681,2098
Derek,Hall,2675800012,8809
Jacklyn,Simmons,7094506456,8840
Jennifer,Jones,8106967019,1351
Clinton,Forman,6210908106,5380
Clarence,Johnson,4272990423,2035
Patrick,Rojas,9684389563,9726
Nancy,Solano,5019761214,7557
Robert,Skeels,7031831667,9101
Judy,Allbee,1251786494,8045
Maria,Torres,1367740270,6665
Helen,Deyo,9271127191,6463
Maritza,Wise,5152753961,6725
Joaquin,Wheat,4372420999,7531
William,Sorenson,5849120432,4008
Julius,Perkins,6599286679,8480
Carol,Akin,4683126177,3716
Rachel,Battle,3794049130,9046
Patrick,Comeaux,6958569814,1289
James,Regan,2649437709,9606
Charles,Stevenson,1901571717,6690
Krystal,Jones,3963654947,3152
Samuel,Vick,4762138738,6478
Arlene,Lyon,3253574933,4775
Ana,Baker,1707511925,9518
Andrew,Marler,1733117564,1803
Victoria,Davis,9065190519,8137
Deanna,Gaver,9535491979,9567
Robert,Green,3836261872,7474
Juan,Carter,6028787624,8262
Joseph,Miller,3236836259,7299
Carmine,Theisen,5465760133,3100
Brenda,Breheny,7218452615,2315
Elfreda,Garrett,8789888311,3410
Erik,Bradley,8308725954,8597
Mary,Hartman,6461351433,9148
Georgia,Travers,2733454496,8426
Daniel,Price,6479090961,5100
Reynaldo,Vance,1654297828,4832
Carol,Harold,2826481585,5554
Sarah,Hardee,8781333153,5350
Dominick,Lillpop,2239400974,7653
Elizabeth,Garner,9472727473,7760
Michael,Miller,7775538368,9673
Muriel,Caouette,6247117295,6833
Deborah,Shannon,1621389883,1603
Jeffrey,Brown,2633776239,7358
Annie,Allums,6672013765,2960
Francine,Rodriguez,5024177510,6878
Teresa,Tannenbaum,9368644674,9971
Michael,Lucas,7849393566,8084
Lorraine,Cannady,5082755609,9791
Ronald,Northcutt,7970628839,2870
Ila,Barnes,4613202006,3935
Gary,Cassella,1029038587,9553
Raul,Holloway,9574635300,5457
John,Davis,8558899161,4832
Hugo,Stone,3254347237,1851
Shirley,Roddam,6611227585,8538
William,Barto,2400288316,7498
Nicholas,Willis,2645541574,2074
Sally,Bintner,2707594391,3796
Edwin,Greer,4521582407,6922
Eric,Lewis,5180543882,5994
Thomas,Cooley,7415320821,2668
Scott,Cooley,3824061536,8072
Kaylee,Farina,2218586371,7993
Jeffery,Ciciora,8894786746,4069
Stevie,Nelson,6567953931,7974
Patricia,Parsons,2960186810,6570
Raymond,Demopoulos,8569254462,3151
Sylvia,Alonzo,5505321032,2726
Kevin,Mabry,8001634657,5111
Maria,Pullum,7848365295,5525
Charles,Clary,1144635828,6390
Josefina,Norman,3449689964,8948
Katheryn,Williams,2284866166,9003
Carl,Garcia,9778566897,1822
Kim,Cain,6872486146,2476
Angela,Wade,1128465013,3831
Helen,Rey,7490588553,3956
Jason,Cotter,7596802088,3061
Rebecca,Reece,2004538378,6253
Christine,Genther,2475851120,1261
Richard,Papa,8053306814,2918
Kelly,Tyler,6703926489,9511
Bertha,Drake,8043135685,5925
Trinidad,Fuller,5257601720,3414
Richard,Pelfrey,9725981511,4831
Jorge,Rahe,3453307595,8011
Thomas,Warrington,7832509457,6946
Barry,Gaston,6772634606,8985
Cheryl,Washington,8783731897,7450
Jerry,Banks,6881963215,2818
Virginia,Gray,4469041709,8924
Marlon,Peeples,9340947264,8923
Karen,Moore,5975676335,5098
Anita,Kinroth,6741822379,7752
Nelda,Sledge,8089385306,3535
Lauren,Crank,1633053683,6273
Linda,Younglas,1011904032,6520
Jason,Slawson,1634234520,4416
Marci,Kieffer,7095149270,3816
Eleanor,Pope,4378879635,9828
Harold,Washington,6323633132,1684
Brenna,Resnick,8183187743,7423
Miguel,Kelly,2142866072,4202
Jasmine,Foster,6344985638,8819
Janice,Bates,7048406148,6940
Georgia,Wilson,2247550754,5373
Regina,Morales,4976386328,5115
Erica,Mckenize,5699387771,8358
Lorinda,Bolton,2369924975,4925
Richard,Harold,8450701427,6854
James,Griffith,6238650025,9698
Patricia,Dunn,8022490066,3229
Valerie,Smith,7256346314,5705
Kelly,Travis,4657509836,9991
Kelly,Mills,1710479871,8383
Donnie,Taylor,9218292321,6871
Mary,Nelson,1089165066,5324
James,Wicklund,1994998962,7705
Margaret,Myron,7035131263,6245
Cecile,Seabolt,9923559652,9257
Richard,Sherling,1544941416,1010
Laura,Frazier,3828660152,2307
Evelyn,Brown,2662023316,9599
Molly,Gossett,4996143631,4126
Maria,Joseph,4774469395,7357
Caterina,Franco,9889735496,7179
Denise,Lopez,9346213067,5008
Barbara,Ferguson,3682879366,4410
Dean,Hunter,9237164157,8787
Guillermo,Cunningham,2163929460,3982
William,Coston,1460054909,5843
Pamela,Lueth,9801055341,4357
Richard,Campbell,2623874482,6996
Roslyn,Mendoza,6963506196,1958
Samuel,Huff,2991162000,5826
Rolland,Erwin,1190477654,2761
Elijah,Thomas,4611114741,3196
Jennifer,Cook,5049942818,1733
Mabel,Herlocker,3134978378,3562
Logan,Lee,4292373453,6663
George,Grizzle,7899372674,7944
Annie,Harris,2054791908,4946
Juan,Rinehart,6445513514,4249
Mark,Ramos,5877642571,6498
Richard,Alvarez,2258418173,7800
April,Ross,8606441744,5312
Jocelyn,Hopton,9223032097,4407
Diane,Mccoy,6827895941,1142
Bernard,Brooks,3779921413,4719
Jerry,Kanahele,9752688783,3449
Sadie,Jackson,6107653486,1587
James,Stayton,9682685655,5419
Hector,Curran,6164348588,5090
Clara,Wallace,9646969576,9102
Paul,Dowd,5498977227,2227
Willie,Duprey,2818952106,3736
Michael,Ames,9371708298,9763
Amber,Nehlsen,2333620254,7068
George,Murrell,2802832345,9633
Carl,Fraughton,9276404065,6930
Young,Lowe,8173309556,4199
April,Penn,3988624796,6466
Clara,Arrington,7162245216,9492
Dan,Lucas,4901858859,2637
Scott,Ligon,5941335024,4451
Ruth,Keegan,4861283266,6787
Sandra,Cross,7841029699,2323
Adam,Weaver,1282964020,4103
Elsa,Becnel,3024326390,2279
Janet,Zimmerman,4348887016,5889
Janette,Johnson,5314669700,1672
Barbara,Specht,1939839290,7710
Regina,Murphy,3010166774,7092
Martha,Sparks,6510895926,4609
Audrey,Williamson,7542520130,9956
Alan,Yancey,3910979225,4514
William,Watson,3397586826,9787
Wesley,Butler,8879066826,1786
Eric,Miller,3461390586,4685
Phillip,Looney,4428862975,3741
Janice,Alston,4534397913,3869
Mary,Daniel,6754652005,3198
Carolyn,Brewster,8834972552,6312
Janet,Waters,3038367465,1091
Julie,Taylor,2229135584,8676
Jason,Stanford,2923222994,6748
Charles,Wilson,4945077934,2685
Scott,Collins,5678485328,5525
Ruth,Buzzard,9731099222,6485
Alexandria,Wright,1499988178,4169
Roger,Gercak,1998821931,7319
Dwight,Johnson,4707504633,4507
Michael,Evans,2996155767,8907
Mary,Hamel,3453398169,2513
Denise,Hershenson,8903860705,9674
Nancy,Toth,8812349215,1840
Susan,Swinton,9452134787,6315
John,Mozingo,8865781551,2439
Marion,Fraser,5616259170,7712
Stephanie,Villa,8014565106,8981
Myrna,Mccoy,5508886828,6501
Mary,Koenig,3184790338,2128
Justin,Feith,8014212078,1299
Thomas,Thacker,1960264033,8086
Jesse,Reaves,9190856485,9704
Susan,Mcwhorter,5888960927,2464
Thomas,Guthrie,5031782948,4137
Dottie,Justice,4487583241,5852
Amanda,Madison,9274358067,9213
Edward,Nolin,2144506221,6692
Charles,Nelson,4270344835,6933
Christy,Toney,8577456180,5020
George,Mccormick,8555739484,2926
Henry,Crawford,9279809876,7042
Stephen,Mullane,8230464438,3566
Brandon,Ethier,5479711073,7302
Elisabeth,Lane,9056341099,8685
James,Reyes,4998804870,5755
Helen,Burton,7151925377,6837
Michelle,Melton,9276381586,2374
Francis,Hamilton,2528509119,1576
David,Romanelli,4141724302,3833
Ida,May,9373114398,2210
Neva,Cushman,7840768159,5661
Rhonda,Cegielski,8213464822,6237
Joanne,Sandlin,2736372485,8688
Jeanne,Lopez,7549249943,5311
Lewis,Martin,4040077111,8820
Verna,Mulvihill,3017899017,6722
Michelle,Lawler,6849932586,5416
Joshua,Green,1875849093,6555
Gay,Ioele,8232752964,2067
Sherie,Bright,6566481066,3495
Carla,Bennett,1132823560,9825
Nancy,Villanueva,6810648578,9756
Cristina,Page,8413948620,1781
James,Duffy,3287593100,8368
Jonathan,Dubay,4228102749,5219
Deann,Ricks,5613483843,9898
Jerome,King,3147171586,1824
Roy,Adler,1023848985,7249
Stanley,Ross,8309671470,9734
Joanne,Diego,3149547770,7651
Frances,Baker,5687452835,3408
James,Venegas,3005534508,9194
Douglas,Mcentegart,9474834873,4915
Kaylee,Easley,8011289751,4745
Brandi,Reilly,5872904934,6558
Sara,Harris,8761414917,1465
Joshua,Oglesbee,3077718096,3178
Valerie,Smith,9031766567,8964
Kenneth,Hille,6519811748,5780
Derrick,Sears,9453733544,1182
Donna,Olson,3675809528,9914
Kendra,Cunningham,4012395197,1255
Wendell,Rief,4122192746,1215
Merna,Wall,7478432476,8300
Steven,Contreras,6970124222,1059
James,Dillon,1875467210,5040
Andrew,Murray,7062015337,4085
Jeremy,Ogilvie,6595572294,3660
Melissa,Jaillet,6588173571,2450
Charles,Reece,1737042885,7855
Lewis,Bratton,5811001006,6754
Freddie,Curran,9207724793,4281
Joseph,Bannister,4134260939,8158
Georgia,Kovach,3705600745,1932
Patricia,Rogers,1808530032,8890
John,Karst,2570424492,4992
Donna,Connelly,7371557516,3362
Michael,Shelton,2611333257,4416
William,Unger,1554175382,5591
Ronald,Bishop,6817204292,8740
Margaret,Matson,5668603593,1915
David,Viator,8084494979,5184
Jamie,Betts,8688439287,8058
Matthew,Bronstein,4853866551,1694
Barbara,Layel,8780367433,8553
Dora,Smith,9226241337,9255
Shawn,Rosenfeld,9103921218,7950
Geneva,Vanhofwegen,3846053085,5481
James,Wilkins,8159090223,7551
Herman,Turnage,5791411338,2778
Josephine,Oneal,7544137132,5428
Bill,Knee,4315246843,5001
Paul,Jackson,2857474934,1062
Monica,Weems,3070535432,6578
Ashley,Cliff,8299230971,6954
Christy,Leggett,7971345627,7451
Frances,Velez,6101577911,5739
Shaniqua,Jones,4406540626,4567
Jason,Webster,4035856365,5548
Gregory,Harp,2714947863,6749
Todd,Kirkland,4298278835,9081
Maxine,Roden,5891450794,5116
Ruth,Stovall,9758752558,1395
Mary,Bridges,1373251711,9486
Hugo,Shoji,5264514245,1711
Jennifer,Carrillo,9073254298,5114
Billie,Brown,9480380584,2537
Lisa,Maxwell,7280681711,3941
Ruth,Dillehay,6807123291,9295
William,Buck,8984525929,2837
Laura,Dabrowski,1101952382,6802
Edward,Silveri,5547774887,3682
Clifford,Swayzer,2794640026,5324
Myron,Coleman,1610255089,4500
Gwen,Lusk,8241637273,3220
Steven,Burns,6965270953,9996
Clifford,Davis,3566124633,6154
Dorothy,Herrel,4531598340,3248
Jennifer,Barajas,5943286701,3493
Clyde,Miller,2431820235,2808
Allen,Carder,5269130440,7595
Richard,Erickson,9267310371,3910
Bethany,Graves,8968129134,7649
Ellen,Elliott,1681414671,3459
Jason,Tsan,4595335151,2066
Micaela,Sanders,6420660547,8798
Deborah,Koerner,1323101295,5185
Nina,Labree,3334929891,2308
Wanda,Shaw,3868168571,7319
Ralph,Thornbury,7887443408,6991
Charlene,Coleman,7629124643,5311
Alex,Williams,2975969269,2060
Patsy,Lester,8320955357,7726
Yolanda,Frazier,9511395825,9023
Vicki,Mendoza,6449896975,3275
William,Grubbs,5440902848,6811
Juan,Martino,3945934224,9213
Roland,Collazo,6512671804,2219
Denise,Harward,8382334090,4521
Lee,Poor,4324976050,9852
Kathleen,Sharpe,9149270201,2679
Eric,Trejo,9103452151,4552
Robert,Kepner,6708490388,5747
Elijah,Stange,1085113473,2504
Eileen,Wade,2462023029,9362
Thomas,Lust,4700321192,1274
Paul,Gibson,7383695131,7912
Ashley,Lussier,3700203009,9171
Omar,Ardizzone,5262846127,3538
Paulette,Williams,4904807820,3795
Tracy,Hanes,3854883462,1904
Brenda,Stowe,7652687325,2826
Eugene,Dusenbery,2096265829,7007
John,Grant,8547028663,8702
Marian,Freeney,4248237624,9653
Cyril,Garlington,4638691084,2832
Natalie,Hyatt,1753674509,7873
Bridgette,Poch,6681312516,3098
Cheryl,Seger,7734719590,2126
Sharon,Parker,8885892133,6915
Greg,West,4771218459,9177
Harold,Trexler,6293809977,7101
Heidi,Angelico,3432948756,9487
Elizabeth,Bullis,9279421615,5129
Lisa,Bauer,7949749763,1525
Robert,Brooks,5883950011,7717
Carolyn,Treadwell,1989835163,1625
Guadalupe,Rose,6026751321,4874
Lacey,Neuman,6795331028,4403
Jeremy,Oliver,1889996890,7751
John,Caddel,7231795541,1140
Garnett,Schwartz,9297314854,4449
Mathew,Cervantes,8173173680,4660
Jennifer,Jerry,9014814104,6550
Tiffany,Korczynski,7795314819,7669
Malik,Bursi,9676665974,8894
Randall,Vanzandt,4618677683,9963
Tyler,Angell,8218306113,5975
Wanda,Hills,9495154172,3249
Ralph,Sutton,6729271532,6529
Joseph,Moisan,9638831440,7174
Benny,Brison,6633668529,6288
Clyde,Rotz,8751035982,3777
Ida,Roberts,5486622624,3793
Richard,Perez,2329992610,3330
Karen,Jones,2027890996,9316
Ignacia,Dyson,8162879070,6048
Fay,Pak,5267510292,1098
Naomi,Roundy,3094321951,6246
Mary,Manis,8573762634,3039
Mary,Snellen,4879360665,7874
Roger,Silva,6674726015,7957
Pamela,Caswell,2914406246,8074
Gary,Hubbard,7116816208,2158
Kenneth,Strong,1910079542,4257
Benjamin,Oldroyd,1432673627,9579
Carmen,Vaughan,7525362742,8437
Dale,Dias,4462941303,7835
Betty,Putt,2382883122,7799
Danny,Hollack,3371913276,7867
Juan,Simonelli,2653892146,3649
Elizabeth,Wynn,7620512137,9269
Ha,Mcfarlin,5943855817,5409
Dorothy,Martirano,6105464584,3285
Darlene,Baird,4842355965,3069
Travis,Reeves,3077794835,2551
Herman,Spires,8980036772,1806
Gladys,Blackwell,5783625069,2929
Debra,Vanlandingham,4353595997,6031
Travis,Derider,8342437195,5752
James,Bonilla,5744060629,4856
Sharon,Eusebio,8370118385,8257
Robert,Dyer,6291014995,2556
George,Aguilar,8624092708,9004
Eugene,Young,9285292451,2692
Warren,Gammage,4149840867,2228
Antonio,Camp,7218366315,6216
Loretta,Artis,8420885720,5452
Josephine,Schilling,8311985917,3853
Tammy,Corso,8436919971,9213
Dexter,Sammartano,4311771639,6549
Iris,Mccage,5812175307,3411
Christina,Roman,8614603827,7547
Patricia,Sullivan,5665800641,1072
Andrea,Porter,4993184508,8724
Tommy,Wert,6730498311,3114
Marlys,Davis,6953042791,8739
Steven,Hodges,2656362525,2868
Martin,Hettinger,3315934488,2528
Johnnie,Laney,6230544448,1201
Bennie,Carrillo,5843475292,1304
Jeffie,Martino,5727345588,6867
Myra,Redenius,1476966217,8388
David,Castro,5041210230,2994
Norma,Espenshade,9803992699,5728
Irene,Chapman,1943511891,9509
Richard,Hilliard,4917039211,1911
Susan,Davis,9120781676,8545
Laura,Cervantes,5538994364,6618
Mildred,Mathis,8558724529,7984
Lucille,Gillam,5416839195,6201
David,Golojuch,8921785765,7471
Jodi,Nolen,6812573502,4925
Ann,Matos,8365058269,7476
Thomas,Coonrod,4867067227,5048
Edward,Brouillet,6671829603,7105
Alida,Griffin,9631330033,3373
Janine,Riney,5788985847,1407
Florence,Damon,5820704560,1767
Pamela,Leader,1528628845,2495
Henry,Olivia,2597348502,5440
Gilbert,Little,4730599612,2626
Michael,Deramus,1114963096,7150
Elaine,Aguiar,2065675181,5213
Beulah,Jones,3133804730,1703
Tracy,Boles,4576531010,8648
Jennifer,Gilman,1451732232,1385
Celine,Schultz,7554879687,9651
John,Collins,2400499363,9110
Christina,Brownell,3885035014,6822
Mary,Holmes,6143381909,1183
Wendy,Bennett,1537455974,2179
Vincent,Weist,3644112677,3253
Donald,Jackson,1790575132,2355
James,Whiting,4602588728,6712
Janice,Johnson,4604125571,5939
Alejandra,Crawford,6642158142,9315
Lucia,Davis,2281122710,9461
John,Lyman,6914444100,5834
Eva,Young,2573823139,1821
Shelley,Hardison,3664765925,1186
Naomi,Mathews,5032647100,7168
Rose,Ruiz,4462641284,6220
John,Anderson,8301255239,3837
Kathleen,Thayer,1903692805,1150
Santiago,Dotson,6830931449,5193
Jenice,Smith,7724180484,4797
Marlene,Cavett,1005565314,5896
Steven,Gilliland,5437146593,4815
James,Jackson,1319125135,9415
John,Han,9483445195,3372
Amanda,Buller,2667699906,2271
Josephine,Buie,7773159897,8675
Tracy,Murray,6209216161,7302
Erik,Ervin,6178344396,1586
Thomas,Loree,7368086550,8588
Laura,Johnson,4533202749,6379
Anthony,Leneave,4816836569,3495
John,Fender,9418369642,8835
William,Sutton,7168440747,6372
Shannon,Arnold,5683401156,5331
Clifford,Whitted,6922363489,1794
Betsy,Tower,2290094358,5394
Kristine,Kennedy,6456388275,4770
Wendy,Lewis,4310495862,7373
Audrey,Platt,7981666691,4076
George,Franke,6905796122,6693
Joyce,Freedman,4294280647,9421
Gene,Nieves,6056219361,5867
Brian,Winter,8149934718,8380
Bruce,Cooper,4324762715,3486
Patricia,Bello,3820333644,3309
Marlene,Smith,5341119334,1943
Linda,Gibson,2126981725,4720
Robert,Bible,1143364967,6919
Danny,Ruiz,1526823413,8631
Julie,Norman,7197841165,3712
Stacey,Henderson,8642944728,8043
Irina,Hamilton,3051856563,7371
Anne,Johnson,9585805070,1780
Corey,Albert,8307629721,3782
Robin,Winters,6648953188,1246
Karen,Luna,4412497418,1057
Todd,Smith,6179986379,1453
Thomas,Landis,2086750044,4225
Travis,Smith,3182432610,7137
Ernesto,Mccants,5747502834,8085
William,Nichols,8584743434,9759
Kevin,Ledford,9581497217,2925
Dorothy,Smith,7529993473,3549
Veronica,Joiner,6188211155,8724
Carrie,Santos,2093268975,7943
Walter,Bennett,8483614721,1954
Janet,Branam,6209138558,2951
Katrina,Mendell,8936721339,4510
Diane,Delvalle,5528001779,7554
Theodore,Gillaspie,8333315302,4436
Pauline,Massey,3687551034,1004
Justin,Tucker,1237143367,2967
Gregory,Vanos,1206588187,5468
William,Manrriquez,9078966272,9244
Donald,Santiago,1449804215,1684
Anton,Garvey,7681878267,5809
Doris,Delgado,6966355301,3132
John,Timms,8387887190,6410
Mary,Sessions,5098239053,6524
Mathew,Terry,5447629596,3866
Michael,Culver,7778233486,8454
Roy,Roe,2536063339,4778
Jacob,Perry,2698746896,3967
Louis,Day,1353947188,8215
Evelyn,Steele,3532541394,7752
Wanda,Bohannon,8463405506,9297
Irene,Mealy,4656812943,1743
Darryl,Bennett,5142706050,9336
Judith,Blandy,8458091575,8106
Danny,Shannon,4606071987,4399
Bernice,Collins,9901113703,9929
Harvey,Gustafson,1118894027,8205
Carmen,Randall,5781328939,8750
Floyd,Samples,6004358932,6397
Mildred,Walker,3371466009,1748
Mary,Hudson,3011064228,4127
Mary,Mitchell,5621229208,6285
Elizabeth,Davis,5922084238,9736
Shannon,Mathers,7611392604,6259
Kimberly,Thomson,7076047691,7226
Patricia,Imbert,2864092706,3879
Tammy,Marshall,7831709932,8550
Melvin,Overmyer,5485350610,8343
Adrienne,Miller,7592923648,5835
Lucy,Davis,8494752075,4496
Denise,Alexander,8694073941,3317
William,Beltran,9595842142,8327
Loyd,Royer,5248523173,2685
Gary,Engle,3629973605,1873
Joshua,Ashe,7963643075,1436
Adeline,Crawford,4607658331,4858
Christopher,Chinzi,2415953025,9253
Tricia,Mcbride,8128432338,2910
Delilah,Kelley,4976051714,2768
Mary,Gracie,6625854102,8131
Donald,Farrell,8275778901,1810
Audrey,Brown,7840531833,2087
Rena,Mclaughlin,8568703686,9367
Leslie,Sharkey,5338798499,2241
Elizabeth,Hamilton,1714409514,1202
Bernie,Confalone,6798931379,4456
Rachel,Kryst,4741398165,4944
Edna,Dubuque,6296612099,3039
Sara,Ly,6191272731,8923
Evelyn,Hargrave,4257913130,5110
Catherine,Johnson,3844317922,7127
Raymond,Camp,7425365933,2347
James,Allen,5953073043,2828
James,Gonzalis,5928526608,5396
Anne,Hoffman,9977229565,4105
Jeffrey,Cunningham,7827094629,5287
Stephen,Wheeler,6345744595,6881
Robert,Lewis,8202957993,1151
Mark,Smith,5538977731,6586
Shirley,Hatfield,8119523241,2014
Lonnie,Brown,7225334325,4436
Janet,Mena,9936628427,2144
Nancy,Carey,1937582249,8919
William,Hurd,7370333273,4413
Peggy,Ditullio,7728255371,5066
Christopher,Williams,3747127775,6174
Spencer,Fitzgerald,4576693399,1278
Tiffany,Tartaglia,3543689189,3167
Rick,Black,1480403010,4833
Robert,Garkow,6503694580,3226
Elizabeth,Sandlin,8068717801,8737
Deborah,Arno,8780720614,1894
Diana,Martin,3965660926,8341
Chad,Mcdaniel,1207456854,9936
Charlie,Ness,1093043596,5463
Mary,Cooley,5501257606,1594
Evelyn,Jewell,6736556450,4992
Julie,Gardner,7190135609,1501
Russell,Scroggins,8786819375,8108
Betty,Graham,3273900519,6719
Eric,Kaizer,9373863601,2346
John,Norris,7182024319,4936
Brian,Robinson,4656830209,4450
Pablo,Green,2781444504,3254
William,Canary,1584114253,8997
Ben,Mcpeake,4066952155,8868
Virginia,Johnson,4587492497,3383
Duncan,Tims,6015261047,9272
Eula,Sanchez,4916432105,7623
Maria,Spivey,5231254782,3876
Bob,Gipson,5680528180,3034
Michael,Spring,5441323478,2044
Alease,Imai,7662347217,6848
Katie,Mullings,6921418796,8893
Paul,Wright,7011962227,3534
Dolores,Mccray,9831971714,5513
Sandra,Griffin,6756480257,5981
Terry,Nebergall,5306667168,8816
David,Raymond,1943322085,4680
Margaret,Brown,4638172485,3133
Roland,Gillespie,6822796194,4507
Sharon,Mosley,6289617085,9853
Todd,Drennon,3644037496,9446
Karen,Tuttle,8563809114,5322
Jose,Reid,7965566161,3892
Janis,Jarrett,4406218820,8306
Robert,Baldyga,8706914045,7535
Joshua,Willis,5412416642,1214
Jonathan,Boyce,8699100950,7017
Noah,King,7189186068,1576
Lynnette,Jennings,8193529055,3469
Jessica,Worcester,5900334058,5847
Everett,Eskind,6230598110,7166
Alica,Langevin,9886759197,5083
Richard,Rivera,6699245142,8890
Thelma,Jewell,1307353726,3177
Abby,Cheney,2302003091,7293
Mary,Billingsley,5762562960,2284
Michael,Leyva,1622152555,8000
Mark,Ryan,8071144613,2746
Russell,Gowins,8169475640,7375
Ginger,Gonzalez,5469993752,5470
Corina,Jones,7327972525,6291
David,Parr,7932225860,5445
Joan,Tucker,1776139724,9120
Douglas,Harrison,7094566917,2627
Gary,Mahle,8412247082,4487
Karen,Crawford,3322673821,6522
Mary,Matthews,6251663461,2575
Sergio,Morgan,8211232039,7971
Barbara,Reeves,2720327573,5962
Deborah,Bearden,4611721552,1390
Charles,Hudson,4933451738,9065
Lula,Bucy,4138658691,9350
Sean,Graham,3281937495,6098
Lavina,Merkerson,2657945025,4284
Janis,Brown,1743678436,2617
Earnestine,Destina,3673110219,4726
Lanny,Harrison,5880854058,9858
Eli,Luke,6155673946,6007
Walter,Skar,6551050064,8517
William,Sirles,6806515490,9725
Yvonne,Ray,7140201972,1338
Wesley,Wareham,3375437115,6589
Lester,Murray,3511733279,5300
Minda,Mccleary,7687150537,2911
Kevin,Blanke,4872747654,8046
Beryl,Lindemann,6948019679,6671
Haley,Lee,1229014001,5038
Benjamin,Sandate,5928490715,2713
Dell,Risley,9347038119,8227
Evelyn,Trombetta,4491463916,5121
Martin,Gross,2351660668,5059
Susan,Knapp,4378859647,7784
Maggie,Hildebrant,2022962669,6441
Yvonne,Hurley,3063233868,3176
Vickie,Graves,7987509692,7987
Crystal,Allen,2302944187,6625
Donald,Jarvis,2705665332,7228
Anne,Wilson,7070918786,8620
Arthur,Alvarado,2434970355,1751
Timothy,Otsu,1604866388,1326
Arlene,Quinton,4068668486,7266
Linda,Hall,9077776490,3113
John,Johnson,7123066729,1348
Cheryl,Yancy,9280911994,1343
Kathryn,Salyer,2889842968,3115
Edith,Steven,7806922417,1157
Mary,Naill,2640906967,6781
George,Valencia,5093295537,4285
Richard,Bivens,4624969912,9021
Terry,Mrowka,3367447504,6868
Gail,Mcfadden,5570847837,2221
Elaine,Schmitt,7166369816,7733
Merlin,Mcgurr,4534381983,4906
John,Penton,2635645894,1673
Christopher,Vargas,5017755807,5345
Sharon,Spears,4296608252,7992
Edmundo,Hannah,5116204603,7119
Julius,Obhof,8395119310,7627
Irene,Lopez,7268458801,6920
Craig,Foley,2307081998,5699
Bobby,Munoz,1903909602,4297
Charles,Severtson,7437869016,1306
Lois,Longhini,7840008899,6227
Andrew,Tuenge,8664541516,9392
Philip,Kennedy,3783714742,7826
Lena,Filas,9501636200,5464
Joann,Reddicks,9684584885,3800
Charles,Sauceda,3996545631,2027
Donald,Buhl,6913535715,6303
Maria,Howard,1056874653,3948
Scott,Long,2571155675,9515
Chris,Garrett,2072235624,2358
John,Keller,2734618211,7827
Carolyn,Morales,9249607807,9725
Jose,Kenny,7681364013,6885
Michael,Ferguson,4714710499,6982
James,Mcphail,1363573151,1291
Catherine,Jones,7040492517,6740
Mary,Wessels,6615437953,9185
Sara,Bowman,6472006126,5103
Sylvester,Brown,5846993234,8661
Wanda,Johnson,8428240922,3267
Francisco,Crose,1218964440,1231
Adrian,Rivers,6841208784,8025
Maria,Ochoa,6332443188,9747
Genevieve,Hurst,7504619918,2924
Sue,Camper,6047192564,5750
Robert,Harvey,8576265211,4677
Joseph,Joe,8826952979,6216
Myesha,Gomez,5606879301,6058
Amber,Reeves,7943273001,1854
Victoria,Dixon,1513378737,3389
Irene,Frisby,4280095829,1829
Ashlee,Jones,6934894336,2963
Lori,Wise,8493727658,8932
Randy,Ostrom,3050075228,7137
Miriam,Riley,5853080392,4039
Helen,Davis,3574228414,6973
Clifton,Layton,3975492888,8926
Kenneth,Pratt,3950288607,7999
Paul,Merrigan,6709008857,2764
Mary,Mitchell,1927076245,1789
Michael,Sherlock,7200480904,9395
Linda,Harris,7434150673,2345
Joe,Woods,6188173875,2619
Manuel,Floyd,7087345448,5885
Elaine,Harden,4832570297,3376
Tommy,Ray,1957183987,5832
Carl,Bivens,2083521117,2147
Michael,Marsden,6397849915,5339
April,Anderson,8766747634,6275
Craig,Bridges,6321675239,7229
Joe,Goeltz,5334728594,7067
Donna,Vega,9935158874,9110
Mark,Ortiz,6336432184,9469
Shirley,Kwan,5234825937,2171
Mark,Thai,7794670750,2508
Wendy,Rose,3298153092,7719
John,Modica,6910953849,1065
Kimberly,Keyes,1209737354,9637
Connie,Draudt,6033693009,3112
Marie,Larry,5255458323,4106
Ramona,Hildreth,5402031590,5862
Arthur,Botz,3023414398,1000
Steven,Hadsell,7174637083,2516
Rose,Patillo,1286870937,8445
Elizabeth,Slaughter,7814133752,4950
Mary,Bland,2850317376,5587
Jerry,Dickerson,5692144735,1779
Melvin,Flakes,2542675835,4229
Alice,Butler,4017524808,9385
Jose,Scott,3642610469,8661
Denise,Hutton,9774961518,1146
David,Graham,2648991238,4145
Eric,Burns,3681637061,2466
John,Vinson,8401390742,7638
Ronald,Leflore,6238535870,3951
Brandon,Leer,2232568623,3594
Gwen,Sims,6840590258,5487
Helen,Smith,1523014431,4425
Diane,Moyer,1399216547,5785
Alecia,White,9189556930,6193
James,Ramsour,4901395234,2840
Richard,Edwards,3903330110,6252
Thomas,Gier,3897675680,9462
Victor,Mccarty,9946242623,7728
Clyde,Buterbaugh,2134625526,6833
Eleonora,Maldonado,8431893663,1480
Jeremy,Leininger,8911159564,5880
Carol,Brooks,6840505621,1988
Shirley,Curry,5997122309,6405
Donna,Dittmer,9033773472,4042
Pasquale,Williams,8646936390,1184
Christina,Cleveland,5938811773,4366
Giovanni,Mock,6748767340,4674
Velma,George,7634461886,6190
Ryan,Gibbs,1366093704,6094
Brenda,Dancy,7276859960,5392
David,Jiminez,6641976042,1842
Troy,Daniels,2914214782,2505
Ruth,Defalco,2528948235,1905
Robert,Butler,1607352344,1929
Carol,Snyder,1114917873,6042
Philip,Vo,6016528989,4585
Constance,Pecoraro,7513378469,4145
Anita,Smith,6695579759,7889
Dennis,Corella,8518911221,6256
Laurie,Morin,9350462917,4720
Rose,Yurek,3319241317,7465
Andrea,Keirn,4794573825,8265
David,Mcdevitt,6227554919,1144
Cheryl,Holland,8948612490,6230
Tracy,Flores,9289789490,6618
Irma,Wilson,8662085828,9089
Beulah,Michaels,3627638203,8837
Christa,Rowald,7228413141,3857
Allen,Handley,2838657909,5766
Donna,Quintana,7000965391,6616
James,Tucker,4491068631,3681
Marjorie,Hardin,8849989781,4269
Robert,Gerow,6253242917,8150
Anthony,Dover,3949952267,6407
Larry,Koslow,2847290439,9717
Sandra,Beekman,9065689346,9186
Marilyn,Edwards,3608147977,9029
Lawrence,Speigel,9932617808,3519
Albert,Prentiss,7595329694,8119
Dennis,Brooks,4882730815,1003
Geraldine,Brown,5697908782,1271
Rudy,Arriola,5658338471,1703
Michael,Feazel,1809914173,5077
Jim,Jackson,4071000911,3985
Coleman,Howington,2791647638,9253
Meredith,Ortiz,1168673960,9955
Nelson,Fabela,6355235373,8490
Susan,Fuchs,8703898668,5701
Theodore,Hay,6921620489,9300
Micheal,Ramos,2918649515,7378
Xavier,Sizemore,7878662535,3908
Larry,Miller,3881820764,2569
Peggy,Twitchell,9062525881,3814
Linda,Colella,6626434355,7769
Carmen,Rodriguez,5746946999,9212
Tonya,Patel,6397745539,4131
Robert,Simpson,3322904939,2192
Patricia,Lantz,4305243599,1978
Lee,Sanmiguel,5576268133,9879
Aaron,Costello,6234206032,1499
